,PC-1,PC-2,PC-3,PC-4,PC-5,PC-6,PC-7,PC-8,PC-9,PC-10,PC-11,PC-12,PC-13,PC-14,PC-15,PC-16,PC-17,PC-18,PC-19,PC-20,Year,Round,School
0,44.4880133701115,13.451982845436305,17.21530320611067,15.516060907965759,-1.3920002032379588,10.322119903359866,-0.8337047091657661,5.51297141706357,9.93228929522454,0.3064036486521452,-0.5276436720682514,-0.7293986533987271,2.071459644678537,-1.952358482814806,1.2653085131533421,2.922807516664653,-0.5248718943729171,1.0212955589694137,-0.7081341633238578,-0.5196832696938238,1,0,Duke
1,2.1415483994838813,-8.058277121138095,5.556478127933511,-10.172859038519139,9.089617830838701,1.1210693310024693,7.020398682659049,1.2946422839089955,5.61395933022961,1.2309272974335632,-2.2475398355830407,2.112231578257147,-3.7631804291527162,-1.2557551217645995,-2.2006406521773583,-0.754523304800885,0.18398144972222474,1.1425438262136247,-1.45162790692348,0.07495743525098976,4,0,Connecticut
2,22.148219961400827,3.8588477158125496,-4.30811809423126,2.385105100268654,-7.294074819354039,-3.227119360105622,-2.0248278748807493,-1.6421303216625018,1.6845553147503702,-0.7478417608106416,-0.06277627016528964,0.8997589030492515,1.2774268128111683,-0.42207985465496917,-0.25357693125193426,0.5852036052727134,0.35058621633805354,-1.001075679515817,-1.6806529302628197,1.6650781907755423,10,0,Duke
3,8.911109852030219,-11.482864540688798,9.480825497251852,-10.883554894216505,-1.2707690391449495,1.0092182666931826,2.3713931950988245,-1.3518865828412996,-4.145125690046721,-2.9181491025018205,-4.985576421299909,0.620996864997134,2.9596642428621576,0.48558046181227676,-1.0877912790846225,-2.2930068512057638,1.356170257394202,1.099706055440811,-1.668531686429078,0.7674531675641897,0,0,Michigan State
4,28.24247055870155,5.259683274128943,10.714156984822646,3.375753016581747,-5.324363444739323,-6.114988909280193,6.478768352317981,-4.972678804690217,2.2942156493463526,-2.136308546120861,1.8537431783872833,3.300895727591863,-0.9489472463594413,1.349417197083735,2.0376046309851814,2.970757480648942,-3.3315287276294363,-3.1341632722208432,-2.3388822695566063,-0.1789707296321872,6,0,Florida
5,-7.577384251422092,0.9926048654428821,-5.841317043203814,-6.7342101662845995,0.395866538375224,-7.344773885621629,4.82690431293471,-1.157984103414183,2.1356729395381926,2.4038035756401763,0.967540938697135,-2.4881188351048165,-2.219183438351267,-0.13701901753929702,0.41006187474963895,-0.03259227573161305,-1.7333915428409443,-1.57109565065685,0.12761160289844764,-0.772494250703501,12,0,Kentucky
6,-13.701321881234328,7.356453657432632,-4.6984742175701415,-8.625849428006688,3.254054063605194,-1.3803383285766437,5.137358142730342,3.7541677647711174,3.2943920442459427,0.8060648543580167,1.7355176991415198,-0.2321575156540428,0.1250777795535215,-2.431302672530135,0.9323686443554238,1.1629778234584978,0.1942001861483622,0.6531044005777875,-0.7540033129502269,0.6795830373574763,11,0,Connecticut
7,-4.546799830761823,24.083685727711234,2.825838384178281,-6.195112697447925,12.655537308016935,-5.859492339223813,-0.04132019373215168,3.001761246088373,-2.88244081726683,-1.447621209112464,-0.19477351445281377,1.206018557259306,0.8748029821967558,-2.7861424187976858,-0.7183840549795222,4.031616453265221,0.2624550367196019,-1.358158315992811,1.360417025941104,-1.9971867772940217,9,0,North Carolina
8,1.7603907781860444,-3.9812542992929174,0.517897270158721,-1.358530120386869,5.597929200529268,8.595340377647565,-1.8269187339144346,3.662156126368449,-2.1628417539904348,-2.762668206181699,3.1723325418650994,2.4861121280562863,-5.384419603554004,1.6261160016583047,-0.6768906079488188,1.8678745679310538,-1.0210244123276164,-1.2276315546320302,-0.5383086423283145,-1.5482342554648625,5,0,North Carolina
9,-5.7936665677736165,-8.83703585554001,-0.35809660850729824,-9.922059144176206,4.646541573743685,1.4575177171497562,0.1698038134588784,5.436288055038801,0.7209951972203501,0.00959099051159329,1.1071685792674595,0.8552023786761626,0.0188503659593815,-0.223254423329866,1.898931511884446,-1.1682749799771173,-0.2338492789288642,2.5284232117210292,3.1798303143697204,1.2466197411541171,3,0,Syracuse
10,8.463806638550384,14.992580386200991,-9.443252118230014,4.83563050769505,-3.669836340237884,4.7267328468175585,1.347468477301156,-3.5998961149831095,5.069993533928726,-1.035703843298212,-1.1775626359408862,1.3184288163180704,-1.5529538930931654,-1.926383681778493,0.6237272646088166,0.13164005625435737,-3.1293264415757625,0.3070180483274132,1.686582291679401,2.0386608463836264,15,0,Duke
11,25.036174602782722,2.986973526595284,-7.955213452854941,9.375823822532016,3.3569981336042476,0.3442284531338886,-1.7844933702755255,3.4015965779681583,2.79183722054824,-3.2398025183069037,0.6878787061778807,-4.216726062940856,3.4558503782325163,0.4147690491829733,2.6401276549849664,-3.7614261549523107,-2.3361449277952353,-0.4508436394935168,0.992916781026236,-1.6594210416968667,13,0,Louisville
12,12.593681859523095,-2.2697317697075894,-1.6052159561535209,-2.8918747780030696,-2.863047834197908,-5.762886278267507,-1.8786412529030265,-2.924075725189603,-3.2720134256944737,0.6400229831975839,1.8670236381475918,0.1519517837166552,-1.3137761208695526,3.015732976749468,-2.8276168713277197,0.575493032894558,-1.634952648883845,-0.24627186589741623,-0.19006261649349354,-0.09878799654907378,8,0,Kansas
13,-0.30196657167494,-0.898248757731235,4.017737780990181,-6.134958937368863,-1.811321847950833,-0.8343514578357538,-1.6423298515256706,6.678384586100247,0.0630101073966498,0.46249406426516115,6.341892357707836,-2.0892125814577707,-0.1360004727971316,-2.4284223253637034,-1.1447899745797152,-4.223993410462024,-1.5889512163551534,0.13866386448401008,1.1591732940441122,0.2600575880233657,2,0,Maryland
14,-1.5610823963640927,9.629483661986455,7.384148595143887,5.467589742433864,-2.6439848736331784,0.37322940515201264,9.304378713622533,0.09944478508984678,-3.204053229770839,-7.214863304430592,-0.9886058644443338,2.3790799693209936,-0.17939351221712596,1.6235553022823284,-1.1408224790570258,0.054351170747384714,0.1242951661903493,2.2492192253029977,0.1077798640519887,-0.1845795821687538,7,0,Florida
15,-16.49343325688108,4.217218673577706,-8.312038783741885,0.05236954451130127,2.803443954367414,0.3423742191175809,4.806156888772345,0.3260344890027015,1.9694426812303845,3.252849261118964,1.949913751693562,0.39615965232014794,-1.9213592135608177,0.8215385172104911,0.21946266300722675,-0.25771483982442966,0.8198762836774072,0.5569721528312325,-2.3412075242879413,2.2013473166248607,14,0,Connecticut
16,6.481672589258966,-9.303606445016621,4.395472611219726,-1.843165460069277,-8.260734631009974,2.5380068755569907,6.37066207332148,-1.0374453213954813,-0.5925758536352557,-0.038967103423929894,-0.35118635594021663,-4.071375301779611,3.287801486342397,2.4399533897622643,0.38988593246020997,1.1607804076925512,-0.7069606466739519,-1.5830598690125492,-0.031945211237149884,1.4103889227313526,6,1,UCLA
17,4.2070316174866225,4.704165996472866,-5.256545262177277,10.832632528655905,-3.033490200413942,-0.6105606956110414,-5.7844623087305465,-4.424023182829865,-2.6229228109932468,2.075871520397802,-6.108069033093686,-0.8734704704445724,0.2515199821353115,0.21038817507188634,0.904480212256072,0.8033387059429471,1.0031974972071729,-0.015307442569580054,-0.5549499208194358,1.4439358485881757,10,1,Butler
18,35.29729436311308,-8.721058425383685,-12.853153054839048,-5.7371519143259855,5.087823773032076,-2.915465503332726,0.8964708901637137,-2.938161789191924,5.6346521951490915,-1.4876376078906883,0.7212180874060276,3.5587174434393467,3.2359723778975096,2.4248013747327395,-0.6685159951048479,-2.3551212191346256,3.2546771202352573,-2.053590331849054,0.6478642749453876,-0.6902687436282611,14,1,Kentucky
19,17.70922193411385,2.029439967855301,14.154142460367751,-4.334634135037237,4.510720292571031,1.9249635226259971,-1.959527161590894,-6.741993934948229,-0.007882254241496661,0.6778262273665996,-1.5225743206433515,-4.1576463271955575,-3.05633390858372,-2.9999623242186884,-2.3161075776543742,-0.01689596953514183,0.8206940037097477,-3.7316269778832005,-0.2939643448684883,0.03243354879935911,1,1,Arizona
20,2.5475536648935933,-1.9384560311647143,2.9101757922924376,-6.5367470284813685,-0.8821432027840495,-2.2997627456555296,-4.00015206528764,-0.18393031463363757,-1.9266293638099243,3.7887631809658693,0.8283581054898599,-0.39898219693910014,-0.07440257009266305,0.384292834321871,-0.8907421089365652,-0.2394973705404237,0.2926238632285618,2.7730898940647313,-0.593449724241746,-0.7287202195833378,3,1,Kansas
21,6.4068725179910135,0.4319750519723222,-9.995328357747777,6.628166850479346,-8.492333940497245,7.866137738791917,2.4778641760696836,-5.144471383348035,-1.3324946461879583,3.397620969209063,1.2057901300317393,1.637299230196956,-1.6105780968243488,-2.752087281318306,-3.49413489923989,1.8591461509524725,-1.0970186792082255,-1.0766972859276052,1.3658014471880542,1.2486346362913052,13,1,Michigan
22,25.51387954236675,-8.138966364479558,-5.374041996963427,1.5975508744690226,5.763519198932339,-4.285993142637563,-2.241228585628808,5.100951923629623,3.5226704687077675,-2.356134086590044,-0.6583823924310567,-0.7589461634935444,1.0211016129255195,3.346249426406798,-2.722059685915423,0.20188069320738133,1.6641263641384416,0.5352304650999179,1.887066337191003,-0.2446109373830037,8,1,Memphis
23,-12.184889957389075,6.487705306477528,-4.460215262486339,7.014056059282538,12.356090380858364,-6.095564170013406,-2.807776783278166,0.14294555875143589,-2.484132697564185,-0.35483148822533495,-5.408446895954297,-5.80968020580065,-2.1825381800325885,2.8841711787419997,0.649344614691782,0.8460669856926538,3.9459822207435993,-0.8783573754450256,0.015025278106323148,-1.4741922837476102,11,1,Butler
24,-7.316272845800253,4.237709368445674,-9.986819974314827,0.5258873134242157,3.6215869085788666,6.196142137344426,0.8910370702316949,-2.6032915976196414,0.6286313809169825,0.08314352388893309,-2.056779026979284,-3.101333194114786,-2.4896921775905367,1.5797664236914777,-0.3540849746529469,1.008023414148591,-0.5710225902591345,-1.2666400036316336,1.2955270889400834,1.7956073494881715,15,1,Wisconsin
25,9.78571145350005,0.6506924057061567,-2.158042534257909,-1.079283004576473,5.022020390595089,-1.504006306011089,-1.7848874361443219,-1.4727044044713686,-8.617288556843809,0.6552713734965273,-0.6137481565062789,-0.8539880373265326,0.49233152117065293,1.6051554856786265,-0.6284767348488157,1.3951952319552838,0.448101097479646,-0.10971481159663579,-0.2647551388916689,-0.9796991091506446,9,1,Michigan State
26,-3.8577814676053808,-7.749152232897323,-1.990827668679521,-2.3813152289985884,-8.336860392387209,2.4170086145028944,0.04072705744233707,4.391095103361389,-3.264062109291479,-0.3131533243320699,-2.428314169121881,1.428651928332408,2.729654388558424,2.8500036326737312,2.56113392135553,1.144737416089665,-0.8947634070279609,1.2388928787237496,-0.5410670461158098,-0.31082460867793055,5,1,Illinois
27,-7.44531107724925,4.102176676624663,2.7456677801132923,-7.195374238573133,0.44991340212731523,0.3264763230806407,-3.854623427640632,2.925589957532799,0.6093974463116529,0.09868201362181733,1.9603163437696376,-2.6986491026080066,0.18869888566139303,0.8932663765014912,1.8261122578103004,-0.18096721711476838,1.2901258576458257,1.7582323883108504,-0.34111876459921486,-0.27932253010220376,4,1,Georgia Tech
28,3.4231595807927073,-8.527842247195528,9.376698368052486,1.5781225350598784,-4.187399658569193,6.970958101023795,-0.2996022296242642,-1.3776796042815032,3.155033211559048,-2.1495107153980517,2.25508857602523,-0.3056361991721521,-2.7291404219866466,-0.3708505054901714,0.7572667324924983,-0.6832749719925747,0.5770373675052102,1.1233617312684847,0.2300649906331741,-2.4839404408659824,0,1,Florida
29,-10.033399964344518,6.863253856774094,1.9186159921271517,-5.7160131287772735,-8.228892241622761,-3.7027336321917192,-3.496810589762158,-1.1007329684905007,4.631705308363614,6.791673567723634,-4.334284530750731,3.2874798885435945,-1.3628939027075395,-2.4377219540971975,-0.10220597669006407,-0.5653505284959169,1.4542026009280993,1.9734989359130055,0.2580111559368212,-1.208233663618159,2,1,Indiana
30,-4.286064751357191,8.19810013192128,6.684475194287097,0.20380192925668705,-2.9325134340143264,-2.501008733537439,11.468847599673648,2.648470546177669,0.581164497632272,-0.899093522093944,-0.43676898565637,-3.4700301159406517,-0.498553494428536,1.2730133036998643,-1.9371654612274494,2.279944852363044,4.091469600777552,0.630148091788244,-1.1236012176881176,1.3824827782827989,7,1,Ohio State
31,17.744591742071453,0.815077173069235,-5.698844966904984,-3.352234521257859,2.597843144208902,-4.671376236617113,1.5533711309572624,-1.2875479839637414,1.4179413652793091,0.43976468130461915,6.379716651488042,1.32066398732943,-0.9994846945517417,-0.4775003304972839,0.8162540051029732,1.3662391007571408,2.006640185395672,0.4087829452037346,-2.999075093063457,0.09009476784711146,12,1,Kansas
32,2.1011140643858983,-10.391768881779406,-11.121296342404104,-5.616711647364371,3.1540351884052584,2.597360225132837,1.1147988672663098,1.3131136023667194,2.9138758919563346,-4.204935511166379,-1.2547534999527108,-2.4249789830316626,2.3710558247162004,-1.6025390595550255,1.1936308468077117,-1.7748216777230768,0.7681914900162399,0.06511343756335297,2.380708513751358,2.0610986473624053,13,2,Syracuse
33,-14.831567796840588,-1.0432669478117922,1.488424846938266,-0.5995186351537921,-4.788620004724237,-1.195075840558546,-4.9765926994987,-0.6635481714329743,-0.9004664803827745,-3.1719011994457786,-1.1248899464856097,4.163094173522944,-3.9450803522604603,1.5451323484986457,0.6096359852315762,-1.0748690098901177,-0.1837979227249813,-2.3185400860689453,0.6365005733141694,0.26490675287629617,3,2,Marquette
34,4.550079689914447,-3.6812393547673317,1.6556482721930799,-1.8170620633184769,-7.67860868326192,5.236874505941568,-4.402946406088203,-1.9123805571611494,-4.930201464263437,-0.4022618950436665,5.5182993274332635,2.375094486350032,-0.6724993443133266,-2.585144955407786,0.8365469345843622,-1.2099672809026605,0.40373548316898616,-2.12833598882089,-1.7123519856433558,-1.1217547753916355,4,2,Oklahoma State
35,26.133053900236092,1.8319884344362691,15.311579430773183,-3.263530460060489,8.434067794650186,-1.3529936083528997,1.3706400787828308,0.49032489896805354,-2.3097768909337555,-1.254513571676524,0.4558547985540431,-4.884581259219711,4.683323409577404,-0.8662114181813418,-2.0410025091179755,1.9459720512401901,-3.786814805508405,0.5154454748765195,2.1747289323583234,2.1450748892165237,2,2,Kansas
36,8.972073488337381,-11.298425648173788,8.780779515390567,-10.79687328108192,-1.1244355309538783,0.9840134946982172,2.742377767332909,-1.6962016834311928,-4.105278186591553,-3.038570047692795,-4.8745025258162595,0.4062616846563647,3.1835014341199788,0.5722900447907124,-1.0449953071898634,-2.2270042499678313,1.1768489997764977,1.0336308038401827,-1.9337123689343783,0.6837910875462342,1,2,Michigan State
37,24.029270609890926,-15.871285039372202,-12.642436785254485,5.980267526655835,2.075754117195242,-1.8224792920963453,-1.171845065817225,-2.4264471212279393,6.464897725239652,-2.54846307788599,-1.8872350833532967,5.494192228778497,1.624008136334644,0.6738664191540136,-1.4513148171721229,-0.13171481552144892,0.8246509321939659,0.830437671281749,-0.07754675934776034,-2.678496687214127,13,2,Wichita State
38,-10.025858446588106,11.231174224068036,-2.030336247881669,-5.70202442826915,-0.9267213463901889,-0.5598851685508028,-0.6025482424393411,-0.8728296040700484,0.47433512441451253,3.7035162762432243,0.9304052504100577,-2.9310333889548943,0.28806552619721937,0.6787008649405583,-0.45362645156598774,-0.9113055754371637,0.47884178320380366,0.5391141207198615,-0.9615762203770912,-0.9065484900580907,10,2,Michigan State
39,23.191941232052315,-4.528276189803227,-3.5301453647560037,-0.2760829647484726,4.94777589621301,1.8761299022799878,-2.424912857795489,2.3011117384325486,-2.3950348609510126,-2.6908754266989257,1.102646281051391,2.6262188734481438,-0.007306379317962131,-0.35073058330522566,-1.619529120175588,3.3055230410328797,2.088188454485522,-1.6285868614404455,0.2001085513863463,2.065722558655364,7,2,UCLA
40,-6.572386357035114,4.808987151519643,2.8041978097980333,-2.6044127499276266,-3.3962492135249165,-1.547997807396713,-4.243997898755586,-3.1667621321388593,-5.375716532349681,-0.2566095349973926,3.62552864545719,2.530327805736192,0.06915155349615698,-2.6781238055993244,-0.09788144387471598,-0.2250673356807662,0.6284978533378678,0.9167153810134302,-1.7765049951967944,-1.0850266017699497,5,2,Michigan State
41,-25.598978353562604,-6.276459203465955,3.9147618072515415,5.494740189369269,6.844738859618857,6.247898764048709,6.944984841731841,1.5734187316426174,-2.353578862829272,1.3754246813433377,-0.2167606879231606,-0.5095907423743743,1.4825477259831046,-2.0415067593105385,3.1499238697324317,-0.12515728632316137,3.558104376875829,-2.0555946197727355,-1.2252586140706665,-0.7889081216539462,6,2,George Mason
42,11.402343542214833,9.242490838768404,-8.127169789232973,-3.0682349633802732,-5.075649191362205,-9.107701782489102,3.367633152067852,-5.3962521178114775,0.4128193145215595,3.397404368834665,-1.3555730891395756,-1.8514267378965694,1.8017693363328269,0.34188672887556937,1.1766240418471985,-4.315225754698435,-1.7628048192080643,-0.15447526087744268,-0.5299549316935763,1.4302839074976323,15,2,Kentucky
43,4.913067385194619,0.1983988800687395,-2.3650109089122937,2.567720575463202,-5.496199787339567,2.4518100761313724,0.19794382612501388,2.7149067653236987,-4.648445097395195,-2.0960057214855317,5.155665109868702,-1.7472326751493865,0.15613153169212812,0.3537957046005159,-0.8255968716742423,-0.5270830345286657,-0.9110208204487857,-1.1340586342213665,-0.01372198362896948,1.6692369948816737,8,2,UCLA
44,2.3724070928263075,-6.113135912758744,0.16283450003010724,-3.3011442672063525,-7.624566012467786,2.684065052895974,-2.7346357641329795,4.635616125696429,-1.3294320741226553,0.9222067570497344,-0.12837826461125823,2.1339525029226354,0.3460571380703484,2.52827962101441,1.500927928442228,-1.129834640709471,-0.38951056209186274,0.22760725566462447,1.3252986722104643,2.0207736946972426,2,2,Oklahoma
45,-7.2358004532849005,2.828161799587732,-4.597184291323218,-7.421113316123021,-1.686581241623671,1.8013761567083673,-1.0904935932410411,-3.0075311710113652,0.6172652685897724,2.7612984641591547,-4.997118105403576,-0.18236718877942337,-0.1534712910958001,-0.6253529953943117,-0.24642522201026817,-0.6198969717301417,-1.111007677643844,0.43278541950009525,-1.9812514084935087,-0.9546778078171605,10,2,West Virginia
46,8.354159395894692,-6.261727688999076,11.81384594683048,-5.701009128367556,3.83910889925581,4.8017934984944874,1.948274882392194,-1.4192788506391691,0.478409725902586,3.598370945246974,1.0063952455229943,0.6093294345179261,-1.136990662617818,-0.3906850669429729,0.24701324109474138,1.131476349588924,-0.04217554888427455,0.4543177504123439,1.5043083349371664,-0.5341825181444525,0,2,North Carolina
47,-10.378584686442625,11.415982590441322,1.1284295224828549,-0.6751631171967518,-9.256885513553417,-4.049253534323654,-1.1915857956210294,4.361764006698909,0.46956251482760386,-5.861486880245808,-1.9470619705010452,1.6415792695507019,-1.2597751834517013,4.228117604041465,-0.6412313023609366,0.7972535176418785,1.4253418119754055,2.2206060227330955,0.788918566146122,-1.405900198830498,5,2,Louisville
48,-6.8492900899573055,2.6951591656128664,2.6107418808784786,-5.806602126807889,-8.591997173037544,-1.308511445593913,-0.46345802593501073,4.897183479530085,-0.6921586865710074,4.454469250630904,-3.235349278920559,2.0375547352218377,0.6118260625486289,1.2367812518928014,0.16024874819493007,2.044636616001558,0.1448017064563505,0.17425157958612536,0.14532235516610248,1.7478013708274447,2,3,Missouri
49,-13.083727848331183,4.813522577054545,-1.4534625667770404,2.026371432587382,-6.587937795790922,4.151255811265799,-0.20036564122292733,-2.626272796184637,-1.9692444329220529,2.753145348909991,0.3690083685247447,3.3972060942117532,-1.2820562287820576,-0.3095453965534063,0.6688007365594555,0.2820405759649225,-0.8463074893237601,0.06493282020477237,0.3691879181655539,-1.0921428649538685,7,3,Oregon
50,0.969078343179828,6.873689069556333,5.432016057989845,5.815937241521312,-7.413401813911777,-0.38765960506430286,-6.5577099858952765,0.6484935268282771,-3.499022050379458,-1.323735079436346,2.8314814227752194,1.8984324455899917,-1.6753790977914034,-0.1832658019581972,0.08379242324498137,-0.8152023711504008,2.497621339251179,2.185323688309449,-1.8167293664566095,0.5665126265953062,2,3,Oregon
51,-0.5582209157312519,-4.502068252656785,-4.973749151721877,-6.916748924888392,-1.3669925230801354,-2.7109168895007203,-0.12465865189702652,-2.5307424622735173,-1.8135642302727624,-1.4524253312526587,-2.2664329160052734,1.5474538108823817,-1.0370389887097142,1.1473271032536494,0.103364398347435,0.4679333266249295,-1.198686179184277,1.4254759531816004,0.5350977986600469,-1.3041481204440835,9,3,Pittsburgh
52,-4.70591342936577,1.5032877169943017,-6.262527214353705,4.094850215545447,1.5197208550236132,2.2452198976745,-0.9235654463305978,-2.246097361205516,1.2956163689287927,-1.2734304504179184,0.4651384836588005,1.8773353939921145,-5.201418484815053,1.7661423411633512,0.7872923634791805,1.7449721245144363,-1.6467186534596219,-0.3232390934849958,0.07203462373592828,-1.0398207332511296,11,3,Arizona
53,-0.8931079654957284,18.794357447868848,-3.8827732217702966,2.9547970664623513,3.352981675492581,-1.0227194697589228,2.1776800230805344,0.8801674577119614,-0.9431961313922319,-2.503597430951342,1.0722859555823523,-0.7281382157226739,-1.4787291266589229,-0.8633262411126867,-0.06672418868822699,-0.37169274949259407,0.20876208283645203,0.6119155010303969,0.41764579577364747,-1.0858088201657146,12,3,Baylor
54,7.409711052756368,-2.2533127442941208,-7.757608142686526,3.6014414511214508,-10.401169192754779,1.1573062843004553,4.114868957077789,3.129725596944171,-1.6814178058464875,2.292912772767014,1.065891010934592,-3.2540473174178786,3.840107047588911,-1.7987348590504064,-0.29948786436304975,2.9568578413434183,-0.03338505497312827,-2.5984125047684405,-2.249813851813085,-1.3232833856097355,12,3,Florida
55,9.530062517056585,-6.093515070845962,-4.786904045087409,19.90971246955887,5.024145590281276,-1.0118795591204393,-3.4212389855673178,4.417240575424335,-1.805657449315097,2.846692519962748,-3.558878739667219,0.2108579309067382,-1.3777788814417298,1.8201030482431118,-1.871627844268343,-2.441487376134107,-0.08355289761561946,1.7708165311867552,-1.9253158763544853,2.241831439534905,8,3,Davidson
56,15.301354099913581,-0.4390365624594059,12.699919335556345,-0.75465155570224,-2.288526293676916,0.4601548295139444,-3.646673236307694,-5.060911095618448,1.8073098895445978,3.6189000199531987,-3.8304414354921112,-3.0597242623248566,0.45925814170123513,2.982932936677032,1.0754041005688613,-2.360844451592644,-0.2505133648620721,0.48522226668075685,-1.5140307196130012,-1.0045430574438923,1,3,Illinois
57,-15.840772239100254,-1.973368962908835,-1.262242645590614,-7.357875669041191,-6.151233494766344,-1.1357406616028438,-0.7776270101111862,0.6813567607286886,0.9159408335923376,0.2102610901260648,-4.327526817578082,0.23027813870567115,0.41837898765333337,-0.5406598336663895,-0.07707262807731396,-0.018122197918530647,-2.3079879677899457,-0.3457479071528453,1.977861788473424,-0.3468848457355993,5,3,Wisconsin
58,8.544694531353837,13.984934574120814,-7.586053400576745,5.317568629217416,3.5059521213630678,4.694322383370245,4.485792896673078,0.7743553771703212,-4.966691763458531,7.384662962894714,1.1972215436428972,1.4318184782341248,0.2727918276328798,3.969920084824693,3.007549687460207,-1.8444134933300953,-0.10689106787428226,2.368750670667052,-0.14918293060022858,-1.3924652613038822,14,3,Michigan State
59,-26.076326375859324,9.714604906974849,-1.5204914163510812,-1.8126655951453627,-6.23359169287594,1.8116578546725948,-1.3610251129106794,-1.2351796904628156,4.002258811436943,-0.953313335514814,-0.1234084002337319,1.8702906717371746,3.2772598851818504,-0.8656526890941592,-3.9632814967651133,2.127377553120405,-0.5080361585963549,0.5104535448136385,0.07839661393947095,-0.029386762749294526,9,3,Oklahoma
60,24.11476007699242,0.1560927561286034,-5.410282017307302,-2.072160274799186,2.7394831935425277,-4.043848139913404,-1.0932841410094714,-1.7223443107898115,0.04751670378690909,3.4065556485701936,3.00453808219875,-1.791072510513631,2.0169722502822265,1.9333676394832313,-1.1551265410112572,1.9895365538254262,0.3029184101718163,1.093638795150705,0.11533974510027178,0.06644642051477989,11,3,Kansas
61,0.9013748112261148,-13.163634259012051,6.550505540674495,-2.6828598308829306,-1.3006849931283881,8.028825219590566,1.6565256342457213,-0.21221365129803194,0.3221176378256496,0.023169348510884064,0.9319329896463937,-0.5816705074408606,1.8955785631272646,1.994514099704678,1.529931930316262,0.6513412476972821,-0.39502753466998164,1.8021452957639013,-2.1375608245217714,1.2030298415838885,3,3,Kentucky
62,-4.29748029452451,10.164462940328567,-1.7527130275578928,2.052772967799638,-0.5765380654280519,0.04070998715183355,-1.1119699862930479,2.8775650802772037,0.14591860842609405,-0.5960354176718432,-1.870077153290069,-4.057249731034464,-1.6393178047487136,3.067199083846255,-2.5458768712565005,-1.2974605500838716,-0.3381220083285824,0.3573942192919658,-1.3360054497246625,0.2550758864059184,9,3,Louisville
63,6.621097105956024,9.91935118139236,14.91846272721436,8.183039979005567,-1.7070539942532559,-4.699380328455752,2.9283837921950533,-0.2275510224278774,-1.1658606800493818,-0.6939223886328845,-0.8076802508730558,0.6813236925507953,-4.304295724541223,-0.06250602710503572,-0.9809203030100524,-3.280295419519018,4.247953458198294,-0.987972575016745,1.0148906501167754,-0.8855634870323295,0,3,Tulsa
64,-5.666095332329745,-1.5840118680670832,-10.520954373314442,1.339402007682,-4.70745337870097,9.510397311255002,3.811984980764901,3.0357579998839097,1.7885677042995956,0.33062279555647844,-1.7500880879813896,0.2609748141637188,-2.873210009180056,-0.2953911879746539,0.5457041918363118,0.3301488324109795,3.9504929484611297,-0.5648639090723339,0.09469548675094719,1.2807827489698325,11,4,Wisconsin
65,14.911150433970553,4.912711584006837,-5.183499942135477,-1.6984122331121743,1.9340082326910508,-0.43790359097292764,-1.4931596109275769,-2.5307995070131573,-4.888571929532177,-4.6160687577987485,0.24573304645479088,-3.3643555373879197,1.7598195231235896,-1.8716773291820759,0.9800192958474074,2.1530952024379206,1.6541895738141976,-0.7863641846052806,1.3459907489731242,-0.03347791889689866,11,4,Ohio State
66,25.666181842216268,3.508617990603639,2.780579317893881,-0.6689608632611774,1.4274949819400657,0.09948776700237705,-7.5131106828139504,3.4689899779827362,5.156395532146244,2.813395503043677,4.087485795898667,-0.6168781608807281,-0.784471461533978,-0.482626371266412,0.9181888245862806,-0.2878553102744541,2.4497769107422425,0.40453687484665574,0.014142798958900027,1.2083495435356344,3,4,Duke
67,2.920824476035202,-3.9982503791125152,10.391394676879017,-2.486180499762659,6.6706099671574615,8.044041144713718,-1.731747596112272,-3.3809646040272816,0.163195675731593,1.1973543166869867,-1.3787546743629633,-2.8854170911302943,-3.3651604349227746,3.447162795378113,1.2196779890832028,-0.6285532010055513,-0.7835069201141526,-0.5377534531052149,2.7687737298564206,1.4914766204851142,1,4,UCLA
68,4.942288059832517,1.0212097360949186,12.399507782408783,-1.311247400863032,-2.4716452828006563,1.631793021923221,1.9473322722367232,-1.4360993896183123,0.2918656767719583,6.7213257021885475,-3.7337370922114252,-2.3971062064197297,1.2208857813200316,0.4751939942478862,-0.4577192973799711,0.9610112269548403,-0.9670820350990037,0.037781964526742484,-1.5412419646718551,-0.12270361235745418,1,4,Kentucky
69,8.044386449698703,-1.4230566997642922,0.8178830102226584,-0.25649826434700684,-1.2353034771034994,0.1486929487449091,-3.7240578139047296,2.255105909502713,-4.50108287195493,-5.242981849552526,1.3789636377202288,0.9100760741959277,-0.7326700785797498,0.8760020194181626,-0.9474110125858567,-0.8193565549313162,-0.38506674247077866,0.46703599999163414,-1.1733522667072562,3.2439011938760505,5,4,Washington
70,-3.9058709436190924,4.73735077651295,5.238142623978852,-3.8553825311069616,1.9370886086531254,1.2898456912330525,6.938680765987037,-3.387232434167492,0.9333399558482571,-4.18438016241893,-4.071634333840999,3.205685428708229,-1.8429927576299034,3.353076063622093,5.252627781678859,0.5600706043860467,-0.9185436776893082,0.12540724672654546,1.1104124328758154,-0.6932799632191944,7,4,Texas A&M
71,-5.961953085062173,7.743377953350725,7.316705589401106,11.951796035326272,-10.042419321684019,3.47615819780268,5.5276699759686245,-0.9797412220494335,0.06284046310583541,-0.13221139793663117,2.5774283420263333,-3.878729609389624,1.0186010147414608,1.055800186908507,0.5442773643957954,-2.5499016798942207,0.7891152173585001,-0.2549717760147526,3.580584310775609,-0.43906036243501156,6,4,Bradley
72,19.20426747914277,-2.968097391997565,-9.445524523310578,-4.768124164277231,-0.46950769736056364,-3.025187559473676,2.1707493081278417,-3.2260063219557282,-2.2317186556317137,-0.39818977375986575,-1.8920944009325953,1.191358716248272,3.6202293354457504,-0.23306991945900257,2.0836658084559865,-0.5732751921353569,0.0070782125189712275,-1.8164137542865901,2.4472533712655298,-1.7914071999785648,13,4,Arizona
73,-25.45219893618299,0.3945009914545672,2.9244929720626223,-8.443579063594772,-0.9693285235563253,1.7091732414540397,-1.173767822273126,8.02782615575136,3.445090285294831,-3.4325177344654847,1.3821259141758298,-0.1402388111127899,1.6166293113008439,0.7237075633694398,-0.055350190680180655,0.6703882990879309,-1.3399791108338304,-0.7448117351789514,-1.237447699573666,-1.6233364121993479,3,4,Auburn
74,5.934592972801919,-0.6271065933818702,-3.8336383496232487,7.8828627188046605,6.0096486951354775,-1.308324103198824,-0.8752402613522174,1.324483170058079,-1.3655530647378757,-1.4237993770394048,4.241361670297306,-0.16382627265393346,0.5833486504750629,-0.6955025106264653,-0.12608427386063095,1.129628880204655,-1.0260168960266465,4.25856012313767,-1.1634561796191858,-1.4262184748998517,11,4,Brigham Young
75,26.708615273195754,9.508701818449751,3.9444674475732304,-5.4393812482990835,3.3415621491455285,-9.606352760597918,4.274375759491006,9.848218522792777,-2.353563843615018,6.202297574118304,0.8589289568802407,9.115193089811019,-0.6055647863130114,-0.5323208163053658,2.669692086194468,-1.2575797100782862,0.2719794361649459,-2.186097446232539,1.0968068321848832,0.4728666203159495,3,4,Connecticut
76,7.671515075092989,2.323662808270242,3.953304510973141,-4.0231770497000525,-7.056635552643887,-6.578027458080868,-8.136611634473454,-0.2444435156563742,5.605698169785908,0.2494403485757163,-0.11634542876235426,-1.4832210803527637,-0.8817171668223176,-0.4734707547731618,2.4313779664906594,-1.4921395328357965,-1.1719364932887766,-0.044553908450735924,0.4767825032904882,1.059764065837141,2,4,Duke
77,3.3936326923205584,-18.725390100657552,-13.597624838080371,-6.579251080996379,-0.12156331609462162,6.8366807833035,3.9286319287522478,-1.1502681929218335,0.1529548784284519,-0.5546111860098841,-0.20368249300492308,1.4002926228270407,2.8791963189792718,-0.7724264026736549,-0.013668126464500718,0.23550934638538412,3.063517646821441,-1.5260201740688315,0.12938109887306593,-0.29692902122551157,14,4,Virginia
78,-18.47460624336967,1.8436419078549018,-2.608070291832313,-1.8510426882559587,1.6135714984689007,3.8165404074093665,-4.190776259722865,-5.992119962297899,0.706125317509819,-0.22762848126169322,1.602591955872861,-1.0121938165122013,-3.121217057637737,0.9242023849762261,-0.8672169944087798,1.0710015961259367,-1.2771976103472098,-0.8307239478970219,1.1699556716724424,0.6321132328839193,9,4,Arizona
79,18.398871056556867,-11.063480427099776,1.2343304657309138,-0.30458630158161554,1.567999274876211,5.8621972507845745,-4.901263297742021,3.530506143388971,-1.5105474487692496,2.026984834895453,-1.298173880629343,2.0123113735294256,0.8488533863324541,-0.9536284606607748,-3.9322515789080708,1.680349569479538,0.7474471461577074,-0.40127063133885965,1.0169571016930226,0.12772170065519367,2,4,Arizona
80,-12.084553176162576,-7.015364702546146,-1.8489604594099442,4.862326122565431,2.6524137521524422,-4.499859988234984,-0.8747247600790986,6.003493627251634,-0.8429726649016865,1.421964799599703,0.7002306482603259,-1.6577686537725576,1.2796697319281227,1.7989323173929437,2.407512747095154,0.7543601062054637,-3.586053479640663,-1.1535902625938166,1.8993363029313128,-1.4768511960104311,7,5,Winthrop
81,-5.020121868814726,12.841969387233014,5.095566203255249,-7.594020005288035,5.114229854681916,-5.487666550867796,-4.392247945304882,2.5426972339946357,2.2152633961952732,-3.978670659887917,1.1517927391129559,0.5807841419577793,-2.047844051818149,-1.5466961988722032,-1.1523999779139722,-0.14482569518056762,-0.4706567276845423,0.8910298693255332,0.6127540220024629,1.2966561958329887,4,5,Maryland
82,12.134889708848897,-3.433061876708826,-7.393228434384804,4.4810948067987795,-3.8989709488222366,-3.4198735108193317,0.5994506014426615,-6.0386418348661,-1.790050422401713,2.2512414341817877,3.4779728823136864,0.9536974596213317,0.8261506378892778,-0.6128685685881938,0.7190472187558379,-0.4184487694100495,-1.762226866871755,-0.21996875967853438,0.1528399032513782,-0.7283337945972609,13,5,Gonzaga
83,-13.760350826257199,-5.00775730182655,-1.7437622437680333,-4.860364037409506,0.8643111517404531,0.1728561160157644,-1.1217452301642357,-1.5170869305580852,0.755589310161578,1.3384690508205497,5.311765985317734,-1.9053933647702332,-6.031148721504,4.03829795364592,-2.814135161551894,0.45272384762871876,-1.4658485763120825,-1.0939718195457495,0.20750581938817547,1.2153101299305926,7,5,Kentucky
84,-32.45059882584786,14.933451418637093,-3.6069620552854698,0.12317285597564553,8.958449541842079,8.095191186153238,-0.9467823196126539,-1.8585439515126223,3.386784763844158,1.659240997687113,1.542157241125509,2.84162901995251,7.5753276407713654,-1.4903387809440578,-3.9655854838562097,-3.212390181766708,-2.018408434775733,-0.08732507177114701,-0.29160242929351177,1.3498205425048637,13,5,Temple
85,-8.385458134196037,-19.36784130880993,-1.1842692021889434,6.886617927283596,-3.685512134271553,0.14656187710210355,-3.4814210822771536,3.6672336677003776,-3.3148752554213563,1.2534863314272042,1.0347593503687318,-1.54903101342834,1.8627783482559952,-3.641638829001773,0.6301564997155071,-2.0925752504842894,0.6653944884026874,0.23003570385564548,0.8676245345537108,-1.1628761676735062,2,5,North Carolina-Wilmington
86,8.411498817801203,-6.0648624723721545,11.093040644898679,-5.6092058910511335,3.9989350142788354,4.784547857833654,2.3313540383465265,-1.7730951161194144,0.5222793330108771,3.48112079203825,1.1242101277203655,0.3848141012956674,-0.9104836113261701,-0.3024618222083877,0.2852088965397653,1.199755708228477,-0.23158946635948763,0.39756586090241497,1.2246144935816847,-0.6104513690258508,1,5,North Carolina
87,-39.122768553890296,10.085662991247402,12.690265886168133,6.109633488076413,5.693469689610704,-0.12787117696060135,-3.739328794662242,-5.559966009931606,4.544134738294586,-0.036649230395774945,4.56486092487819,7.080805807439809,10.021627927014096,7.198122593059754,-3.4748339794826397,-1.0212631371007879,1.9395593110993745,-2.9112385827910985,0.05718391168930059,-1.416794170366623,3,5,Central Michigan
88,-3.461742076001865,2.82025739313476,-9.419559575015981,1.2591192429702187,0.8537684865647716,-0.13747913503361164,5.3293778305592845,4.293811592818306,3.301110470253542,0.5537664840475759,-0.7708385937303159,-3.056102042372773,0.4162499956838084,-3.0808232624225775,-1.7268260512353768,-0.9465782616385419,-0.15378328484536896,-0.3939510693599913,-2.046732076056355,-0.2379759813156282,15,5,Cincinnati
89,-14.291583438781114,5.154481468574164,-3.9173452608486894,-3.674879672440305,5.557468195742976,4.044636495418406,-1.959627836651781,-0.01752439334654632,-1.7180518239390827,-2.9104301392990726,-4.221925590347155,-2.366097370845207,2.1081816203742134,-0.797406366606342,0.06866974164372452,1.9993165775848825,-2.100482443280025,0.4729041625966188,-1.4801565764638411,-0.5593878500625252,11,5,West Virginia
90,-6.298470603476926,17.317008155388777,-1.8308265114035922,4.065023267417995,-9.026353653342706,1.3667783809697294,3.487472326812316,2.8949565051545165,-4.829333362115503,0.33079463569652545,-3.4209514372040224,4.542316263806047,2.0765131050142402,-3.3319867406029484,-3.150234309759771,-0.8461160731289425,-0.23552271811675274,0.5260765080431198,3.4905734421418964,1.038945606853511,8,5,Notre Dame
91,-7.9652978350387595,8.809990801799074,-4.008882255530333,-3.5916128343045526,0.9958174842268983,-2.1215894660632144,-4.050981611201361,-3.95588352940863,1.3690232726338245,-4.019316011909539,-2.3470974108223523,-3.873274732543758,-0.7517397281202647,-0.48001250832926934,0.36751028963234317,-0.8510640652483218,-0.0760390649428166,-0.2792708366670118,-0.33005018286755095,0.008032242652900423,11,5,Texas
92,-4.631186594899791,0.8984215726961082,2.5264905274995555,-3.144694337682321,1.9784183812830625,-1.02653903124877,-4.9112317432825625,2.308877048617073,-1.5976896979978297,0.2669030264899874,-3.4675271873968794,2.1417577832380674,1.5321342588694977,-2.404540053918545,1.9234180754508894,4.575043887228264,-2.228596629489341,-0.6189903944682323,-1.2961885030188431,-0.2772108748294412,4,5,Mississippi State
93,15.812025927197068,7.567957683244868,-1.6480142907685928,2.1210181874673184,-3.2407386459121983,-3.180937768283372,-6.351538879118603,-0.37740977021246147,2.6871249922933007,-2.701403037655137,-2.6055205739487493,-2.565902578081749,0.9265235089847226,-1.5287277697533423,1.456888686092502,1.289033130097254,1.1174547202606206,-0.8765921942826356,0.4188810216752583,0.3671744602071831,8,5,Duke
94,10.625148217065048,16.966254010707274,-3.7888713125649582,-1.7851394053554324,13.881458593434223,5.328821406233018,-0.8673472371532858,-3.806415283090095,-8.920554048477166,2.0126844315288794,2.493056988147883,-1.075229837417409,2.094608793524444,-1.742104310435646,2.392952356582729,-2.949654614371168,-0.6168934190748581,0.7605095315117605,-1.2801610236169663,-0.0667282822608648,14,5,North Carolina
95,-7.615421776105832,3.828243747943036,-4.989185464904613,-2.129836351141161,2.677341757473339,4.975199734846775,-2.3514719620304874,-2.4769463296653864,1.1857529711910608,-3.039440031117069,-1.1706975920317597,0.3040379454778114,-2.388620829205748,-3.253492706201435,1.9955238298202431,-0.4185561111608108,2.5335154660387627,0.00430311368249503,-0.6106818472828734,-1.202258456129066,10,5,Villanova
96,-18.390549548017546,-8.843108783751237,-0.4057269548727498,2.3097403839248853,-4.533973905371308,-2.279159863723659,-2.278205433268916,2.8423566406356495,-0.21097394881789522,-3.0051561980820196,1.3215691568192642,-0.5236586355135715,0.682758508418062,-1.8609752133611372,1.2499482231383983,1.9755247768083168,-0.764320924957929,-0.18374789931076563,-1.2392422600505966,-0.9983301322596638,5,6,Ohio
97,-6.27542101288134,-14.389574054794979,4.733209483026306,8.040620613743744,-2.2831931116283553,-5.869620207949914,2.593077276836862,2.152436179407187,2.3415210595351303,-4.304306015025111,-1.6937489347446735,-2.2343022562703503,0.09570619152562607,-1.51475315281322,-1.1272624868907057,-0.6798390158716654,-2.6439262880128114,-0.8175287331915472,-2.232430397209285,-2.3349496022063287,5,6,Winthrop
98,-11.590593147328853,-9.219618831933833,6.0609298085800685,9.171441802591369,7.382974989825768,-9.016282131157064,7.271021239641563,1.6275095262822616,1.2892479960656866,4.610299607972463,0.5645728087190148,-0.02982265541052928,-1.8021836399731805,-3.0318644609400462,-1.4349967922196813,-1.4652160684046214,-0.5168448334275348,-0.3029227792153286,-0.34898552437167374,0.5157787504011231,5,6,Fairleigh Dickinson
99,-28.922766730882234,-8.526261973057792,0.8699310785670977,1.0835082182025664,-2.776308092552564,-1.9622038181743662,-5.009443538615372,2.484910031532664,-0.7475022009263967,0.8248098085150818,-1.4247921093383789,-2.9907530009606695,3.2420351405651595,-0.20799834156128494,1.315194297842787,0.11047946320596846,1.0262660644859265,-1.2561831573552387,-0.3139680196978505,-0.307531463744261,3,6,North Carolina-Wilmington
100,-26.871578870332623,-12.935611075443806,8.306933096729145,6.802300087958769,9.173196349721426,-5.27202101926122,-2.398125540955518,-0.6353754986795909,1.0905600461221527,-2.6137489313462976,-1.232392382066713,4.626046184931788,-0.4619215248193532,-2.006409366583726,3.409983595685399,-3.22648501314172,-1.6918493397642325,-3.2120094572884943,-2.4557613151257724,4.226307720790719,0,6,Central Connecticut State
101,4.515264366572212,-7.913829081030308,-10.001680442222414,-0.8764378367628336,4.550272696112988,0.9292596814430764,0.6999670619099136,-5.964530955928252,2.7534570791477235,0.8379298244007658,-1.4038523517991004,4.460207277956677,-1.7130833131135326,-1.9392933764344573,-0.31400952671507293,0.3388776289247192,-1.0587698026814802,3.7848613831928724,0.12641004236907855,-1.219759435419196,13,6,New Mexico
102,-13.111364521114671,-2.0317130611024488,-1.4370808701288849,10.113641009610884,5.898942610837398,5.619954681707091,-2.7089213254982174,6.070392773704075,-0.7809640419088764,4.093675483934455,-5.3190069746620185,1.2630108333650327,-2.9877567988498956,0.4058189638836879,-0.3396101924108982,-0.7332359140509588,0.13180898627322876,-2.9177574402234407,1.0978324077090653,-1.3619035676364588,5,6,Charlotte
103,-10.985348099380108,-0.45940100873727063,-7.301466173606633,-3.787590421508555,-7.4557178324026125,-5.923813223639692,6.483484135946435,0.9381205655444391,-1.8229900937160166,-3.2372699557096505,4.217298977165394,-2.3498801510945215,-2.2425427239034086,1.1489864027561318,-0.6988000465747599,-0.8216249645756787,1.023073471514668,-0.9906610141739407,1.1225239965602136,-0.2941509342048107,12,6,Virginia
104,-17.32129284417164,6.117052916440443,-6.800572141826956,-3.8427161158402203,-2.4891718530555007,2.2962287426004258,0.38992849912553695,-1.346372679799308,5.897999729210338,-0.3602952761480296,4.216990401467194,-5.96944157920875,0.32997628007211066,0.6171620710653806,1.590052947985718,-0.6023027288893487,1.409891764581733,0.537727954899314,-1.5428975907855418,0.21320399191045858,14,6,Oklahoma State
105,-10.856790479257379,-18.296289364587004,-1.2445887682761034,2.048057927999149,-1.7971794177035338,-9.111074769883803,-2.000709298664844,0.5597160647662633,-0.8198126264667288,6.575582031448371,-1.5853671746462945,-3.174038219536272,-2.14470480770808,-0.6258587051236574,-4.883165181849283,1.4708475730646757,0.4648059755221712,-0.3023982259398388,1.0554360036582844,-1.0744305072811435,3,6,Austin Peay
106,-10.83159609861734,-2.4370011837118604,10.199715503207708,3.1473614298596977,-2.7520721812939946,-2.868911775512183,0.39839899162292114,-4.123762664511563,0.6699005926840043,-1.6955508898894804,-0.9249795429925416,0.08446554433365083,0.08728397139288524,-5.099672039191453,1.4644875040374967,-1.214908017841039,1.2139383258226437,0.8530726621177337,2.5662771199829977,-1.3079500345078516,0,6,Indiana State
107,-11.711424636557815,-3.6750306030560758,-9.116725737499408,10.97972193197343,5.10062571101945,-4.301429326021495,3.1509331122938784,0.4980830277767385,-0.020058542188050144,-1.8909598416681836,-2.656740565953256,2.8021611840250324,-0.9115640899467445,1.3471865359129345,0.7376485481308863,2.044056421510457,-2.6602145724350295,1.7040072334910565,-1.266760522750796,2.5876937693104,15,6,Coastal Carolina
108,-33.23749974519267,-16.101638462827896,6.247225831683036,9.79083710365123,2.6556612191386626,-8.468968893936397,-0.753774483148641,-7.929495552470219,1.2495809241048315,2.9216986145034216,5.2475313045017495,-0.1373368156378132,3.1788585011826576,-0.5890202739837751,4.252587212085168,5.713742867408619,3.4963519473894142,2.8397939751685035,2.946651116480725,2.9616622779096655,4,6,Florida A&M
109,-0.13291657267318613,-4.438851192115114,-0.1356177468137122,-1.6265608008247001,-2.388944802667714,4.247839096598334,-2.1680556761226555,2.017398778039075,1.1170143844367173,1.3078119563847614,3.0336945095449166,1.4377864139255525,-3.832015325639875,1.1009044201250366,1.3710412252597934,-0.975619872960505,-0.6877839554816234,-1.291332628828102,-0.5930234175672282,-0.588102278943343,4,6,Florida
110,-7.9986325712626245,-16.714177996074497,4.080543725412722,6.355350838529219,4.034650888498954,0.8004299220245514,3.545531053137512,-1.32127876088107,-1.8103493231932586,-0.849506040309628,2.681922718342609,-1.4288081935398889,-0.07056248249203723,0.5794881228678085,-1.5753803844777325,-0.9874641682348346,-3.709716345234313,1.834802239835525,0.8556188961716513,-2.6519085367908666,6,6,Pennsylvania
111,3.2242423855945606,-7.803581034297741,6.296128726823286,5.237835477402381,0.5277427293891699,-1.9380487350517899,1.7969243433587478,-5.052542939354495,-1.3253995686042104,-6.873204956476991,-0.22574882400060692,1.3656093997449883,-2.574799998066938,-3.394289933665986,-2.7431527773886453,-2.077026569187092,0.4044654357614067,1.6281925693201993,0.19617529577703308,0.5865278717852705,4,6,Texas-El Paso
